,unique_id,speech_type,link
0,273865,Interview,https://www.vie-publique.fr/discours/273865-sibeth-ndiaye-11032020-covid-19-elections-municipales-roman-polanski
1,273890,Interview,https://www.vie-publique.fr/discours/273890-agnes-pannier-runacher-10032020-coronavirus
2,273904,Interview,https://www.vie-publique.fr/discours/273904-olivier-dussopt-09032020-coronavirus
3,273907,Interview,https://www.vie-publique.fr/discours/273907-bruno-le-maire-09032020-coronavirus
4,273815,Interview,https://www.vie-publique.fr/discours/273815-gerald-darmanin-06032020-coronavirus
5,273867,Interview,https://www.vie-publique.fr/discours/273867-sibeth-ndiaye-05032020-niveaux-alertes-covid-19-crise-migratoire-grece
6,273858,Interview,https://www.vie-publique.fr/discours/273858-agnes-pannier-runacher-05032020-coronavirus
7,273791,Interview,https://www.vie-publique.fr/discours/273791-florence-parly-04032020-coronavirus
8,273801,Interview,https://www.vie-publique.fr/discours/273801-olivier-dussopt-03032020-politique-gouvernementale
9,273839,Interview,https://www.vie-publique.fr/discours/273839-agnes-pannier-runacher-030320-politique-gouvernementale
10,273864,Interview,https://www.vie-publique.fr/discours/273864-elisabeth-borne-03032020-information-transports-en-commun-covid-19
11,273866,Interview,https://www.vie-publique.fr/discours/273866-marc-fesneau-03032020-article-49-3-reforme-des-retraites
12,273838,Interview,https://www.vie-publique.fr/discours/273838-gabriel-attal-3032020-fermeture-de-certaines-ecoles-coronavirus
13,273836,Interview,https://www.vie-publique.fr/discours/273836-laurent-pietraszewski-3032020-utilisation-du-493-reforme-des-retraites
14,273837,Interview,https://www.vie-publique.fr/discours/273837-olivier-veran-3032020-niveau-dalerte-face-au-coronavirus-en-france
15,273860,Interview,https://www.vie-publique.fr/discours/273860-jean-baptiste-djebbari-02032020-covid-19-transports-en-commun
16,273776,Interview,https://www.vie-publique.fr/discours/273776-bruno-le-maire-02032020-coronavirus
17,273825,Interview,https://www.vie-publique.fr/discours/273825-jean-michel-blanquer-28022020-epidemie-du-coronavirus-contagion-ecoles
18,273718,Interview,https://www.vie-publique.fr/discours/273718-agnes-pannier-runacher-28022020-politique-gouvernementale
19,273738,Interview,https://www.vie-publique.fr/discours/273738-jean-baptiste-djebbari-28022020-coronavirus-petites-lignes-sncf
20,273637,Interview,https://www.vie-publique.fr/discours/273637-franck-riester-28022020-polanski-publicite-ciblee-audiovisuel
21,273739,Interview,https://www.vie-publique.fr/discours/273739-sibeth-ndiaye-28022020-coronavirus-scenario-de-confinement
22,273711,Interview,https://www.vie-publique.fr/discours/273711-didier-guillaume-27022020-politique-gouvernementale
23,273714,Interview,https://www.vie-publique.fr/discours/273714-adrien-taquet-27022020-prise-en-charge-du-coronavirus-en-france
24,273703,Interview,https://www.vie-publique.fr/discours/273703-gabriel-attal-27022020-evolution-du-coronavirus-elco
25,273715,Interview,https://www.vie-publique.fr/discours/273715-didier-guillaume-27022020-politique-gouvernementale
26,273700,Interview,https://www.vie-publique.fr/discours/273700-gabriel-attal-26022020-separatisme-coronavirus-retraites
27,273823,Interview,https://www.vie-publique.fr/discours/273823-jean-michel-blanquer-25022020-salaires-des-enseignants-virus-ecole
28,273614,Interview,https://www.vie-publique.fr/discours/273614-bruno-le-maire-26022020-politique-economique
29,273696,Interview,https://www.vie-publique.fr/discours/273696-gabriel-attal-25022020-lutter-contre-le-separatisme
30,273704,Interview,https://www.vie-publique.fr/discours/273704-olivier-veran-25022020-coronavirus-en-france-evenements-collectifs
31,273737,Interview,https://www.vie-publique.fr/discours/273737-jean-baptiste-djebbari-24022020-coronavirus-reforme-retraites-transport
32,273645,Interview,https://www.vie-publique.fr/discours/273645-christelle-dubos-24022020-coronavirus-2019-ncov-en-france
33,273562,Interview,https://www.vie-publique.fr/discours/273562-nicole-belloubet-24022020-politique-judiciaire
34,273553,Interview,https://www.vie-publique.fr/discours/273553-julien-denormandie-21022020-punaises-de-lit
35,273639,Interview,https://www.vie-publique.fr/discours/273639-sophie-cluzel-21022020-travailleurs-handicapes-duoday
36,273557,Interview,https://www.vie-publique.fr/discours/273557-didier-guillaume-21022020-politique-agricole
37,273735,Interview,https://www.vie-publique.fr/discours/273735-jean-baptiste-djebbari-21022020-plan-sauvetage-petites-lignes-sncf
38,273552,Interview,https://www.vie-publique.fr/discours/273552-julien-denormandie-21022020-punaises-de-lit
39,273690,Interview,https://www.vie-publique.fr/discours/273690-gabriel-attal-20022020-elections-municipales-separatisme
40,273524,Interview,https://www.vie-publique.fr/discours/273524-amelie-de-montchalin-20022020-budget-europeen
41,273504,Interview,https://www.vie-publique.fr/discours/273504-elisabeth-borne-19022020-centrale-fessenheim-neige-eoliennes
42,273507,Interview,https://www.vie-publique.fr/discours/273507-christophe-castaner-19022020-lutte-contre-le-separatisme-islamiste
43,273644,Interview,https://www.vie-publique.fr/discours/273644-christelle-dubos-19022020-nouveau-systeme-de-retraites-femmes-isolees
44,273513,Interview,https://www.vie-publique.fr/discours/273513-franck-riester-19022020-plateformes-en-ligne-vie-privee
45,273820,Interview,https://www.vie-publique.fr/discours/273820-jean-michel-blanquer-19022020-separatisme-islamiste-nouveau-bac
46,273481,Interview,https://www.vie-publique.fr/discours/273481-olivier-veran-18022020-coronavirus-hopital-retraites
47,273472,Interview,https://www.vie-publique.fr/discours/273472-franck-riester-18022020-protection-vie-privee-sur-les-reseaux-sociaux
48,273469,Interview,https://www.vie-publique.fr/discours/273469-franck-riester-17022020-agnes-buzyn-la-mairie-de-paris
49,273495,Interview,https://www.vie-publique.fr/discours/273495-sibeth-ndiaye-17022020-buzyn-mairie-paris-griveau-vie-privee-internet
50,273486,Interview,https://www.vie-publique.fr/discours/273486-agnes-pannier-runacher-17022020-agnes-buzin
51,273454,Interview,https://www.vie-publique.fr/discours/273454-olivier-dussopt-17022020-elections-municipales
52,273460,Interview,https://www.vie-publique.fr/discours/273460-cedric-o-17022020-elections-municipales
53,273819,Interview,https://www.vie-publique.fr/discours/273819-jean-michel-blanquer-14022020-revalorisation-salaires-enseignant
54,273664,Interview,https://www.vie-publique.fr/discours/273664-laurent-pietraszewski-14022020-depot-au-parlement-reforme-retraites
55,273453,Interview,https://www.vie-publique.fr/discours/273453-agnes-buzyn-14022020-coronavirus-hopital-public-retraites
56,273406,Interview,https://www.vie-publique.fr/discours/273406-bruno-le-maire-13022020-politique-economique
57,273678,Interview,https://www.vie-publique.fr/discours/273678-muriel-penicaud-13022020-baisse-du-taux-de-chomage
58,273483,Interview,https://www.vie-publique.fr/discours/273483-adrien-taquet-13022020-conge-parental-pour-deuil-retraites
59,273446,Interview,https://www.vie-publique.fr/discours/273446-elisabeth-borne-12022020-conseil-defense-ecologique-biodiversite-climat
60,273447,Interview,https://www.vie-publique.fr/discours/273447-marc-fesneau-12022020-deuil-parental-president-et-sa-majorite-retraites
61,273396,Interview,https://www.vie-publique.fr/discours/273396-amelie-de-montchalin-12022020-poltique-gouvernementale
62,273448,Interview,https://www.vie-publique.fr/discours/273448-brune-poirson-12022020-conseil-defense-ecologique-democratie
63,273333,Interview,https://www.vie-publique.fr/discours/273333-christophe-castaner-11022020-politique-gouvernementale
64,273334,Interview,https://www.vie-publique.fr/discours/273334-julien-denormandie-11022020-politique-du-logement
65,273331,Interview,https://www.vie-publique.fr/discours/273331-sophie-cluzel-11022020-citoyennete-des-personnes-handicapees
66,273384,Interview,https://www.vie-publique.fr/discours/273384-gabriel-attal-10022020-affaire-mila-climat-actuel-politique
67,273325,Interview,https://www.vie-publique.fr/discours/273325-sophie-cluzel-10022020-droits-des-personnes-handicapees
68,273309,Interview,https://www.vie-publique.fr/discours/273309-didier-guillaume-10022020-politique-agricole
69,273662,Interview,https://www.vie-publique.fr/discours/273662-laurent-pietraszewski-10022020-depot-au-parlement-reforme-retraites
70,273324,Interview,https://www.vie-publique.fr/discours/273324-franck-riester-7022020-elections-municipales-presstalis
71,273260,Interview,https://www.vie-publique.fr/discours/273260-cedric-o-07022020-internet
72,273293,Interview,https://www.vie-publique.fr/discours/273293-julien-denormandie-07022020-politique-gouvernementale
73,273267,Interview,https://www.vie-publique.fr/discours/273267-jean-baptiste-djebbari-07022020-mobilisation-contre-reforme-retraites
74,273269,Interview,https://www.vie-publique.fr/discours/273269-marc-fesneau-06022020-mobilisation-contre-retraites-abattage-loups
75,273239,Interview,https://www.vie-publique.fr/discours/273239-roxana-maracineanu-6022020-violences-sexuelles-patinage-artistique
76,273373,Interview,https://www.vie-publique.fr/discours/273373-emmanuelle-wargon-06022020-engie-isabelle-kocher
77,273249,Interview,https://www.vie-publique.fr/discours/273249-nicole-belloubet-06022020-avocat
78,273242,Interview,https://www.vie-publique.fr/discours/273242-marlene-schiappa-6022020-violences-sexuelles-patinage-artistique
79,273252,Interview,https://www.vie-publique.fr/discours/273252-jacqueline-gourault-06022020-politique-gouvernementale
80,273227,Interview,https://www.vie-publique.fr/discours/273227-sibeth-ndiaye-06022020-conge-parental-deuil-enfant-reforme-retraites
81,273339,Interview,https://www.vie-publique.fr/discours/273339-adrien-taquet-6022020-polemique-conge-pour-deuil-parental
82,273244,Interview,https://www.vie-publique.fr/discours/273244-agnes-buzyn-5022020-coronavirus-deuil-parental
83,273225,Interview,https://www.vie-publique.fr/discours/273225-cedric-o-05022020-economie-numerique
84,273224,Interview,https://www.vie-publique.fr/discours/273224-laurent-nunez-05022020-delinquance
85,273217,Interview,https://www.vie-publique.fr/discours/273217-julien-denormandie-05022020-politique-gouvernementale
86,273232,Interview,https://www.vie-publique.fr/discours/273232-roxana-maracineanu-4022020-violences-didier-gailhaguet-demission
87,273201,Interview,https://www.vie-publique.fr/discours/273201-gabriel-attal-4022020-conge-de-deuil-pour-un-enfant
88,273183,Interview,https://www.vie-publique.fr/discours/273183-jean-baptiste-djebbari-04022020-prime-sncf-reforme-retraites-islam
89,273135,Interview,https://www.vie-publique.fr/discours/273135-adrien-taquet-3022020-conge-perte-dun-enfant
90,273228,Interview,https://www.vie-publique.fr/discours/273228-marc-fesneau-03022020-conge-parental-strategie-lrem-municipales-2020
91,273226,Interview,https://www.vie-publique.fr/discours/273226-sibeth-ndiaye-03022020-reforme-des-retraites-devant-le-parlement
92,273574,Interview,https://www.vie-publique.fr/discours/273574-agnes-pannier-runacher-01022020-politique-gouvernementale
93,273243,Interview,https://www.vie-publique.fr/discours/273243-amelie-de-montchalin-31012020-brexit
94,273165,Interview,https://www.vie-publique.fr/discours/273165-julien-denormandie-31012020-politique-gouvernementale
95,273163,Interview,https://www.vie-publique.fr/discours/273163-gerald-darmanin-31012020-brexit
96,273197,Interview,https://www.vie-publique.fr/discours/273197-frederique-vidal-31012020-salaires-des-chercheurs-bioethique-elections
97,273275,Interview,https://www.vie-publique.fr/discours/273275-edouard-philippe-31012020-candidature-municipale-au-havre
98,273134,Interview,https://www.vie-publique.fr/discours/273134-nicole-belloubet-30012020-politique-gouvernementale
99,273127,Interview,https://www.vie-publique.fr/discours/273127-roxana-maracineanu-30012020-violences-sexuelles-patinage-artistique
100,273123,Interview,https://www.vie-publique.fr/discours/273123-franck-riester-30012020-nomination-de-roman-polanski
101,273133,Interview,https://www.vie-publique.fr/discours/273133-marlene-schiappa-30012020-roman-polanski-violence
102,273116,Interview,https://www.vie-publique.fr/discours/273116-nicole-belloubet-29012020-politique-gouvernementale
103,273173,Interview,https://www.vie-publique.fr/discours/273173-elisabeth-borne-29012020-coronavirus-retraites-au-parlement-sncf
104,273171,Interview,https://www.vie-publique.fr/discours/273171-jean-baptiste-djebbari-28012020-coronavirus-reforme-retraites
105,273029,Interview,https://www.vie-publique.fr/discours/273029-laurent-pietraszewski-28012020-projet-de-loi-de-reforme-des-retraites
106,273099,Interview,https://www.vie-publique.fr/discours/273099-bruno-le-maire-27012020-politique-economique
107,273096,Interview,https://www.vie-publique.fr/discours/273096-olivier-dussopt-27012020-retraite
108,273214,Interview,https://www.vie-publique.fr/discours/273214-sibeth-ndiaye-24012020-reforme-retraites-en-conseil-des-ministres
109,273372,Interview,https://www.vie-publique.fr/discours/273372-emmanuelle-wargon-24012020-transition-ecologique-puy-de-dome
110,273094,Interview,https://www.vie-publique.fr/discours/273094-amelie-de-montchalin-24012020-retraite
111,273005,Interview,https://www.vie-publique.fr/discours/273005-marc-fesneau-24012020-reforme-des-retraites-en-conseil-des-ministres
112,273028,Interview,https://www.vie-publique.fr/discours/273028-laurent-pietraszewski-24012020-reforme-retraites-conseil-des-ministres
113,273093,Interview,https://www.vie-publique.fr/discours/273093-gerald-darmanin-24012020-retraite
114,273087,Interview,https://www.vie-publique.fr/discours/273087-nicole-belloubet-24012020-politique-gouvernementale
115,273025,Interview,https://www.vie-publique.fr/discours/273025-muriel-penicaud-24012020-reforme-des-retraites-conseil-des-ministres
116,273084,Interview,https://www.vie-publique.fr/discours/273084-laurent-nunez-23012020-police
117,273023,Interview,https://www.vie-publique.fr/discours/273023-muriel-penicaud-23012020-forum-davos-capitalisme-taxe-gafa-retraites
118,273009,Interview,https://www.vie-publique.fr/discours/273009-frederique-vidal-22012020-jeunes-chercheurs-precarite-etudiants
119,272999,Interview,https://www.vie-publique.fr/discours/272999-adrien-taquet-22012020-defaillances-systeme-de-protection-de-lenfance
120,273026,Interview,https://www.vie-publique.fr/discours/273026-laurent-pietraszewski-22012020-projet-de-loi-reforme-des-retraites
121,272922,Interview,https://www.vie-publique.fr/discours/272922-julien-denormandie-21012020-politique-gouvernementale
122,272905,Interview,https://www.vie-publique.fr/discours/272905-nicole-belloubet-20012020-retraite
123,273371,Interview,https://www.vie-publique.fr/discours/273371-emmanuelle-wargon-20012020-attractivite-france-politique-energie
124,272930,Interview,https://www.vie-publique.fr/discours/272930-marlene-schiappa-20012020-montee-de-la-violence-discrimination
125,272908,Interview,https://www.vie-publique.fr/discours/272908-bruno-le-maire-20012020-politique-economique
126,272917,Interview,https://www.vie-publique.fr/discours/272917-agnes-pannier-runacher-20012020-retraite
127,272883,Interview,https://www.vie-publique.fr/discours/272883-marlene-schiappa-17012020-candidature-pour-les-municipales
128,272835,Interview,https://www.vie-publique.fr/discours/272835-agnes-pannier-runacher-17012020-politique-economique
129,272831,Interview,https://www.vie-publique.fr/discours/272831-amelie-de-montchalin-17012020-election-presidentielle-2022
130,272825,Interview,https://www.vie-publique.fr/discours/272825-julien-denormandie-17012020-vie-politique
131,272849,Interview,https://www.vie-publique.fr/discours/272849-florence-parly-17112020-terrorisme
132,272799,Interview,https://www.vie-publique.fr/discours/272799-olivier-dussopt-16012020-retraite
133,272855,Interview,https://www.vie-publique.fr/discours/272855-jean-michel-blanquer-16012020-reforme-bac-lycee-salaire-enseignant
134,272804,Interview,https://www.vie-publique.fr/discours/272804-bruno-le-maire-16012020-livret
135,272863,Interview,https://www.vie-publique.fr/discours/272863-adrien-taquet-16012020-bioethique-securite-des-enfants
136,273000,Interview,https://www.vie-publique.fr/discours/273000-elisabeth-borne-16012019-reforme-retraites-protection-environnement
137,272790,Interview,https://www.vie-publique.fr/discours/272790-agnes-pannier-runacher-15012020-politique-gouvernementale
138,272789,Interview,https://www.vie-publique.fr/discours/272789-gerald-darmanin-15012020-politique-economique
139,272847,Interview,https://www.vie-publique.fr/discours/272847-gabriel-attal-15012020-cannabis-lycee-repli-communautaire-islamisme
140,272845,Interview,https://www.vie-publique.fr/discours/272845-laurent-pietraszewski-15012020-simulateur-individuel-cout-reforme
141,272870,Interview,https://www.vie-publique.fr/discours/272870-emmanuelle-wargon-15012020-centrales-charbon-et-reintroduction-ours
142,272787,Interview,https://www.vie-publique.fr/discours/272787-florence-parly-14012020-terrorisme
143,272784,Interview,https://www.vie-publique.fr/discours/272784-bruno-le-maire-1401202-retraite
144,273212,Interview,https://www.vie-publique.fr/discours/273212-sibeth-ndiaye-03012020-reforme-retraites-gouvernement-syndicats
145,272869,Interview,https://www.vie-publique.fr/discours/272869-emmanuelle-wargon-13012020-fermeture-centrale-thermique-le-havre
146,272745,Interview,https://www.vie-publique.fr/discours/272745-franck-riester-13012020-reforme-des-retraites-danseurs-opera-de-paris
147,272867,Interview,https://www.vie-publique.fr/discours/272867-jean-baptiste-djebbari-13012020-greve-transports-reforme-des-retraites
148,272723,Interview,https://www.vie-publique.fr/discours/272723-frederique-vidal-10012020-precarite-des-etudiants-reforme-des-retraite
149,272781,Interview,https://www.vie-publique.fr/discours/272781-laurent-pietraszewski-10012020-conference-financement-des-retraites
150,272729,Interview,https://www.vie-publique.fr/discours/272729-elisabeth-borne-10012020-reforme-des-retraites-politique-environnement
151,272775,Interview,https://www.vie-publique.fr/discours/272775-adrien-taquet-10012020-concertation-reforme-des-retraites-financement
152,272728,Interview,https://www.vie-publique.fr/discours/272728-amelie-de-montchalin-10012020-retraite
153,272726,Interview,https://www.vie-publique.fr/discours/272726-jean-yves-le-drian-10012020-iran
154,272996,Interview,https://www.vie-publique.fr/discours/272996-marc-fesneau-10012020-negociations-reforme-retraites-greve-transports
155,272701,Interview,https://www.vie-publique.fr/discours/272701-julien-denormandie-08012020-retraite
156,272702,Interview,https://www.vie-publique.fr/discours/272702-olivier-dussopt-08012020-retraite
157,272747,Interview,https://www.vie-publique.fr/discours/272747-muriel-penicaud-8012020-reforme-des-retraites-et-lemploi-des-seniors
158,272655,Interview,https://www.vie-publique.fr/discours/272655-nicole-belloubet-07012020-retraite
159,272791,Interview,https://www.vie-publique.fr/discours/272791-laurent-pietraszewski-7012020-penibilite-cout-reforme-des-retraites
160,272656,Interview,https://www.vie-publique.fr/discours/272656-olivier-dussopt-07012020-retraite
161,272844,Interview,https://www.vie-publique.fr/discours/272844-jean-michel-blanquer-07012020-revalorisation-salariale-des-enseignants
162,272773,Interview,https://www.vie-publique.fr/discours/272773-adrien-taquet-7012020-pedophilie-matzneff-reforme-des-retraites
163,272588,Interview,https://www.vie-publique.fr/discours/272588-bruno-le-maire-06012020-retraite
164,272593,Interview,https://www.vie-publique.fr/discours/272593-marc-fesneau-06012020-projet-de-reforme-des-retraites-solution-compromis
165,272609,Interview,https://www.vie-publique.fr/discours/272609-agnes-pannier-runacher-03012020-retraite
166,272636,Interview,https://www.vie-publique.fr/discours/272636-sibeth-ndiaye-03012020-penibilite-age-pivot-minimum-vieillesse-retraite
167,272651,Interview,https://www.vie-publique.fr/discours/272651-christelle-dubos-3012019-retraites-pauvrete-legion-dhonneur
168,272608,Interview,https://www.vie-publique.fr/discours/272608-amelie-de-montchalin-03012020-politique-gouvernementale
169,272602,Interview,https://www.vie-publique.fr/discours/272602-julien-denormandie-03012020-retraite
170,272633,Interview,https://www.vie-publique.fr/discours/272633-elisabeth-borne-02012020-conflit-social-ratp-sncf-age-pivot-retraite
171,272695,Interview,https://www.vie-publique.fr/discours/272695-frederique-vidal-2012020-salaire-des-enseignants-chercheurs
172,272581,Interview,https://www.vie-publique.fr/discours/272581-agnes-pannier-runacher-02012020-retraite
173,272576,Interview,https://www.vie-publique.fr/discours/272576-agnes-pannier-runacher31122019-retraite
174,272577,Interview,https://www.vie-publique.fr/discours/272577-agnes-pannier-runacher-31122019-carlos-ghosn
175,272575,Interview,https://www.vie-publique.fr/discours/272575-agnes-pannier-runacher-31122019-retraite
176,272766,Interview,https://www.vie-publique.fr/discours/272766-adrien-taquet-31122019-gabriel-matzneff-reformes-des-retraites
177,272788,Interview,https://www.vie-publique.fr/discours/272788-laurent-pietraszewski-24122019-impact-de-la-greve-concertation
178,272563,Interview,https://www.vie-publique.fr/discours/272563-agnes-pannier-runacher-23122019-greve-dans-les-transports-publics
179,272734,Interview,https://www.vie-publique.fr/discours/272734-franck-riester-20122019-greve-frequentation-des-theatres-audiovisuel
180,272594,Interview,https://www.vie-publique.fr/discours/272594-elisabeth-borne-20122019-sncf-ratp-retraites-greve-fetes-fin-dannee
181,272694,Interview,https://www.vie-publique.fr/discours/272694-frederique-vidal-20122019-greve-reforme-des-retraites-etudiants
182,272618,Interview,https://www.vie-publique.fr/discours/272618-laurent-pietraszewski-19122019-age-pivot-simulateur-en-ligne
183,272540,Interview,https://www.vie-publique.fr/discours/272540-agnes-pannier-runacher-19122019-retraite
184,272442,Interview,https://www.vie-publique.fr/discours/272442-elisabeth-borne-18122019-greve-sncf-ratp-reforme-des-retraites
185,272531,Interview,https://www.vie-publique.fr/discours/272531-olivier-dussopt-18122019-retraite
186,272538,Interview,https://www.vie-publique.fr/discours/272538-agnes-pannier-runacher-18122019-greve
187,272641,Interview,https://www.vie-publique.fr/discours/272641-jean-baptiste-djebbari-18122019-conflit-social-ratp-sncf-droit-de-greve
188,272591,Interview,https://www.vie-publique.fr/discours/272591-marc-fesneau-18122019-discussions-en-cours-sur-la-reforme-des-retraites
189,272467,Interview,https://www.vie-publique.fr/discours/272467-agnes-buzyn-17122019-reforme-des-retraites-hopital-public
190,272645,Interview,https://www.vie-publique.fr/discours/272645-jean-michel-blanquer-17122019-greve-enseignants-reforme-des-retraites
191,272515,Interview,https://www.vie-publique.fr/discours/272515-gerald-darmanin-17122019-retraite
192,272516,Interview,https://www.vie-publique.fr/discours/272516-olivier-dussopt-17122019-retraite
193,272590,Interview,https://www.vie-publique.fr/discours/272590-marc-fesneau-16122019-reforme-des-retraites-jean-paul-delevoye
194,272509,Interview,https://www.vie-publique.fr/discours/272509-bruno-le-maire-16122019-retraite
195,272511,Interview,https://www.vie-publique.fr/discours/272511-cedric-o-16122019-economie-numerique
196,272512,Interview,https://www.vie-publique.fr/discours/272512-agnes-pannier-runacher-16122019-retraite
197,272513,Interview,https://www.vie-publique.fr/discours/272513-agnes-pannier-runacher-16122019-retraite
198,272441,Interview,https://www.vie-publique.fr/discours/272441-elisabeth-borne-16122019-greve-ratp-sncf-reforme-retraites
199,272454,Interview,https://www.vie-publique.fr/discours/272454-jean-baptiste-djebbari-16122019-greve-transports-reforme-retraites
200,272606,Interview,https://www.vie-publique.fr/discours/272606-sibeth-ndiaye-13122019-reforme-des-retraites-et-age-pivot
201,272453,Interview,https://www.vie-publique.fr/discours/272453-jean-baptiste-djebbari-13122019-greve-transports-reforme-retraites
202,272505,Interview,https://www.vie-publique.fr/discours/272505-cedric-o-13122019-retraite
203,272466,Interview,https://www.vie-publique.fr/discours/272466-agnes-buzyn-12122019-la-reforme-des-retraites-et-lage-pivot
204,272439,Interview,https://www.vie-publique.fr/discours/272439-elisabeth-borne-13122019-greve-reforme-retraite-neutralite-carbone
205,272384,Interview,https://www.vie-publique.fr/discours/272384-marlene-schiappa-12122019-reforme-des-retraites-violences-sexuelles
206,272497,Interview,https://www.vie-publique.fr/discours/272497-gerald-darmanin-12122019-retraite
207,272605,Interview,https://www.vie-publique.fr/discours/272605-sibeth-ndiaye-12122019-reforme-des-retraites-et-age-pivot
208,272502,Interview,https://www.vie-publique.fr/discours/272502-amelie-de-montchalin-12122019-retraite
209,272589,Interview,https://www.vie-publique.fr/discours/272589-marc-fesneau-12122019-annonces-premier-ministre-reforme-retraites
210,272499,Interview,https://www.vie-publique.fr/discours/272499-bruno-le-maire-12122019-retraite
211,272498,Interview,https://www.vie-publique.fr/discours/272498-olivier-dussopt-12122019-retraite
212,272640,Interview,https://www.vie-publique.fr/discours/272640-jean-michel-blanquer-12122019-greve-remuneration-des-enseignants
213,272452,Interview,https://www.vie-publique.fr/discours/272452-jean-baptiste-djebbari-11122019-reforme-retraites-situation-transports
214,272289,Interview,https://www.vie-publique.fr/discours/272289-olivier-dussopt-10122019-retraite
215,272647,Interview,https://www.vie-publique.fr/discours/272647-jean-michel-blanquer-10122019-revalorisation-salariale-des-enseignants
216,272285,Interview,https://www.vie-publique.fr/discours/272285-agnes-pannier-runacher-09122019-retraite
217,272451,Interview,https://www.vie-publique.fr/discours/272451-jean-baptiste-djebbari-9122019-greve-transports-reforme-retraites
218,272684,Interview,https://www.vie-publique.fr/discours/272684-agnes-buzyn-6122019-crise-de-lhopital-greve-reforme-des-retraites
219,272649,Interview,https://www.vie-publique.fr/discours/272649-jean-michel-blanquer-6122019-retraite-des-enseignants-greve
220,272757,Interview,https://www.vie-publique.fr/discours/272757-gabriel-attal-6122019-reforme-des-retraites-revalorisation-enseignants
221,272267,Interview,https://www.vie-publique.fr/discours/272267-agnes-pannier-runacher-05122019-retraite
222,272450,Interview,https://www.vie-publique.fr/discours/272450-jean-baptiste-djebbari-5122019-greve-transports-reforme-retraites
223,272637,Interview,https://www.vie-publique.fr/discours/272637-jean-michel-blanquer-5122019-greve-enseignant-reforme-des-retraites
224,272264,Interview,https://www.vie-publique.fr/discours/272264-julien-denormandie-05122019-retraite
225,272262,Interview,https://www.vie-publique.fr/discours/272262-christophe-castaner-04122019-ordre-public
226,272438,Interview,https://www.vie-publique.fr/discours/272438-elisabeth-borne-04122019-greve-sncf-ratp-reforme-des-retraites
227,272251,Interview,https://www.vie-publique.fr/discours/272251-nicole-belloubet-04122019-retraite
228,272449,Interview,https://www.vie-publique.fr/discours/272449-jean-baptiste-djebbari-4122019-calendrier-negociations-retraites
229,272187,Interview,https://www.vie-publique.fr/discours/272187-bruno-le-maire-03122019-retraite
230,272190,Interview,https://www.vie-publique.fr/discours/272190-agnes-pannier-runacher-03122019-politique-economique
231,272230,Interview,https://www.vie-publique.fr/discours/272230-gabriel-attal-3122019-service-minimum-dans-les-ecole-retraites
232,272239,Interview,https://www.vie-publique.fr/discours/272239-sophie-cluzel-3122019-handicap-ecole-inclusive-representation-media
233,272162,Interview,https://www.vie-publique.fr/discours/272162-bruno-le-maire-02122019-retraite
234,272235,Interview,https://www.vie-publique.fr/discours/272235-jean-michel-blanquer-2122019-reforme-des-retraites-enseignants
235,272161,Interview,https://www.vie-publique.fr/discours/272161-julien-denormandie-02122019-retraite
236,272380,Interview,https://www.vie-publique.fr/discours/272380-jean-paul-delevoye-29112019-propositions-pour-la-reforme-des-retraites
237,272127,Interview,https://www.vie-publique.fr/discours/272127-agnes-pannier-runacher-29112019-politique-economique
238,272309,Interview,https://www.vie-publique.fr/discours/272309-franck-riester-29112019-futur-projet-de-loi-de-laudiovisuel
239,272457,Interview,https://www.vie-publique.fr/discours/272457-brune-poirson-28112019-black-friday-elections-municipales-avignon
240,272126,Interview,https://www.vie-publique.fr/discours/272126-laurent-nunez-28112019-islamisme
241,272123,Interview,https://www.vie-publique.fr/discours/272123-olivier-dussopt-28112019-retraite
242,272437,Interview,https://www.vie-publique.fr/discours/272437-elisabeth-borne-28112019-banques-transition-ecologique-retraites
243,272382,Interview,https://www.vie-publique.fr/discours/272382-marlene-schiappa-26112019-levee-du-secret-medical-violence-conjugale
244,272254,Interview,https://www.vie-publique.fr/discours/272254-sibeth-ndiaye-27112019-deces-militaires-mali-appel-greve-retraites
245,272100,Interview,https://www.vie-publique.fr/discours/272100-didier-guillaume-27112019-politique-agricole
246,272456,Interview,https://www.vie-publique.fr/discours/272456-brune-poirson-26112019-realite-sociale-black-friday
247,272096,Interview,https://www.vie-publique.fr/discours/272096-nicole-belloubet-26112019-politique-judiciaire
248,272638,Interview,https://www.vie-publique.fr/discours/272638-emmanuelle-wargon-25112019-cop25-retraite-economie-circulaire-chasse
249,272436,Interview,https://www.vie-publique.fr/discours/272436-elisabeth-borne-25112019-intemperies-sud-est-reforme-des-retraites
250,272381,Interview,https://www.vie-publique.fr/discours/272381-marlene-schiappa-25112019-conclusion-grenelle-des-violences-conjugales
251,272447,Interview,https://www.vie-publique.fr/discours/272447-jean-baptiste-djebbari-25112019-organisation-transports-en-greve
252,272068,Interview,https://www.vie-publique.fr/discours/272068-agnes-pannier-runacher-25112019-5g
253,272063,Interview,https://www.vie-publique.fr/discours/272063-gerald-darmanin-22112019-politique-gouvernementale
254,272252,Interview,https://www.vie-publique.fr/discours/272252-sibeth-ndiaye-22112019-situation-sociale-appel-greve-reforme-retraites
255,272446,Interview,https://www.vie-publique.fr/discours/272446-jean-baptiste-djebbari-22112019-concertation-reforme-des-retraites
256,272164,Interview,https://www.vie-publique.fr/discours/272164-jean-michel-blanquer-22112019-bac-pauvrete-reforme-des-retraites
257,272428,Interview,https://www.vie-publique.fr/discours/272428-elisabeth-borne-21112019-trains-somme-picardie-canal-seine-nord-europe
258,272006,Interview,https://www.vie-publique.fr/discours/272006-agnes-buzyn-21112019-plan-hopital-reforme-des-retraites-alcoolemie
259,272005,Interview,https://www.vie-publique.fr/discours/272005-muriel-penicaud-21112019-compte-formation-plan-hopital-retraites
260,272379,Interview,https://www.vie-publique.fr/discours/272379-jean-paul-delevoye-21112019-reforme-des-retraites-age-pivot-64-ans
261,272253,Interview,https://www.vie-publique.fr/discours/272253-sibeth-ndiaye-21112019-plan-hopital-macron-whirlpool-retraites
262,272094,Interview,https://www.vie-publique.fr/discours/272094-edouard-philippe-21112019-plan-hopital-reforme-des-retraites
263,272547,Interview,https://www.vie-publique.fr/discours/272547-adrien-taquet-20112019-lutte-contre-les-violences-faites-aux-enfants
264,272233,Interview,https://www.vie-publique.fr/discours/272233-christelle-dubos-19112019-complementaire-sante-solidaire-precarite
265,271999,Interview,https://www.vie-publique.fr/discours/271999-jean-baptiste-lemoyne-20112019-commerce-international
266,271997,Interview,https://www.vie-publique.fr/discours/271997-jacqueline-gourault-20112019-politique-gouvernementale
267,272378,Interview,https://www.vie-publique.fr/discours/272378-jean-paul-delevoye-20112019-reforme-des-retraites-greve-du-5-decembre
268,272383,Interview,https://www.vie-publique.fr/discours/272383-marlene-schiappa-20112019-listes-communautaires-port-du-voile-violence
269,272078,Interview,https://www.vie-publique.fr/discours/272078-jean-baptiste-djebbari-20112019-reforme-retraites-sncf-ratp
270,272354,Interview,https://www.vie-publique.fr/discours/272354-emmanuelle-wargon-19112019-pont-mirepoix-sur-tarn-lubrizol-rouen
271,271962,Interview,https://www.vie-publique.fr/discours/271962-sebastien-lecornu-19112019-maire
272,271961,Interview,https://www.vie-publique.fr/discours/271961-jacqueline-gourault-19112019-collectivites-locales
273,271960,Interview,https://www.vie-publique.fr/discours/271960-olivier-dussopt-19112019-retraite
274,272166,Interview,https://www.vie-publique.fr/discours/272166-jean-michel-blanquer-19112019-politique-de-lenseignement
275,272434,Interview,https://www.vie-publique.fr/discours/272434-frederique-vidal-19112019-precarite-des-etudiants
276,271932,Interview,https://www.vie-publique.fr/discours/271932-genevieve-darrieussecq
277,271951,Interview,https://www.vie-publique.fr/discours/271951-olivier-dussopt-18112019-politique-economique
278,272352,Interview,https://www.vie-publique.fr/discours/272352-emmanuelle-wargon-18112019-huile-palme-glyphosate-gaz-effet-de-serre
279,271953,Interview,https://www.vie-publique.fr/discours/271953-jacqueline-gourault-18112019-collectivites-territoriales
280,272168,Interview,https://www.vie-publique.fr/discours/272168-jean-michel-blanquer-15112019-precarite-etudiante-bac-retraite
281,271928,Interview,https://www.vie-publique.fr/discours/271928-nicole-belloubet-15112019-politique-judiciaire
282,272076,Interview,https://www.vie-publique.fr/discours/272076-jean-baptiste-djebbari-15112019-situation-sociale-reforme-retraites
283,271929,Interview,https://www.vie-publique.fr/discours/271929-olivier-dussopt-15112019-fonction-publique
284,271930,Interview,https://www.vie-publique.fr/discours/271930-laurent-nunez-15112019-ordre-public
285,272617,Interview,https://www.vie-publique.fr/discours/272617-muriel-penicaud-1112019-taux-de-chomage-la-formation-travail-de-nuit
286,271883,Interview,https://www.vie-publique.fr/discours/271883-laurent-nunez-13112019-terrorisme
287,271816,Interview,https://www.vie-publique.fr/discours/271816-amelie-de-montchalin-13112019-union-europeenne
288,272377,Interview,https://www.vie-publique.fr/discours/272377-jean-paul-delevoye-12112019-reforme-des-retraites
289,272158,Interview,https://www.vie-publique.fr/discours/272158-jean-michel-blanquer-12112019-relations-internationales-partenariats
290,271847,Interview,https://www.vie-publique.fr/discours/271847-jean-baptiste-lemoyne-12112019-politique-du-tourisme
291,271842,Interview,https://www.vie-publique.fr/discours/271842-christophe-castaner-08112019-pompier
292,272246,Interview,https://www.vie-publique.fr/discours/272246-marc-fesneau-8102019-reforme-retraites-immigration-professionnelle
293,272351,Interview,https://www.vie-publique.fr/discours/272351-emmanuelle-wargon-8112019-abandon-europa-city-zac-triangle-gonesse
294,272157,Interview,https://www.vie-publique.fr/discours/272157-jean-michel-blanquer-7112019-enseignants-harcelement-scolaire
295,271835,Interview,https://www.vie-publique.fr/discours/271835-christophe-castaner-07112019-politique-de-limmigration
296,272064,Interview,https://www.vie-publique.fr/discours/272064-agnes-buzyn-7112019-aide-medicale-detat-ame-crise-des-hopitaux
297,271753,Interview,https://www.vie-publique.fr/discours/271753-amelie-de-montchalin-06112019-politique-de-limmigration
298,271752,Interview,https://www.vie-publique.fr/discours/271752-nicole-belloubet-06112019-politique-gouvernementale
299,271988,Interview,https://www.vie-publique.fr/discours/271988-frederique-vidal-5112019-reforme-des-etudes-de-sante
300,271986,Interview,https://www.vie-publique.fr/discours/271986-gabriel-attal-5112019-quotas-fixes-migrations-professionnelles
301,271975,Interview,https://www.vie-publique.fr/discours/271975-muriel-penicaud-5112019-quotas-migrations-professionnelles
302,271807,Interview,https://www.vie-publique.fr/discours/271807-julien-denormandie-05112019-politique-urbaine
303,271808,Interview,https://www.vie-publique.fr/discours/271808-jean-baptiste-lemoyne-05112019-france-chine
304,272250,Interview,https://www.vie-publique.fr/discours/272250-sibeth-ndiaye-4112019-emmanuel-macron-valeurs-actuelles-immigration
305,271725,Interview,https://www.vie-publique.fr/discours/271725-julien-denormandie-04112019-politique-de-la-ville
306,272182,Interview,https://www.vie-publique.fr/discours/272182-jacqueline-gourault-01112019-amenagement-du-territoire
307,272074,Interview,https://www.vie-publique.fr/discours/272074-jean-baptiste-djebbari-31102019-accident-ter-ardennes-sncf-ratp
308,271782,Interview,https://www.vie-publique.fr/discours/271782-sophie-cluzel-21102019-allocation-adulte-handicape-fauteuils-roulants
309,272417,Interview,https://www.vie-publique.fr/discours/272417-elisabeth-borne-31102019-psa-fiat-lubrizol-cop-25-politique-energie
310,271721,Interview,https://www.vie-publique.fr/discours/271721-agnes-pannier-runacher-31102019-industrie-automobile
311,271865,Interview,https://www.vie-publique.fr/discours/271865-muriel-penicaud-31102019-reforme-de-lassurance-chomage
312,272824,Interview,https://www.vie-publique.fr/discours/272824-gabriel-attal-30102019-laicite-service-national-universel
313,271705,Interview,https://www.vie-publique.fr/discours/271705-didier-guillaume-30102019-politique-agricole
314,271690,Interview,https://www.vie-publique.fr/discours/271690-julien-denormandie-30102019-politique-du-logement
315,272885,Interview,https://www.vie-publique.fr/discours/272885-marlene-schiappa-29102019-grenelle-violences-conjugales
316,271678,Interview,https://www.vie-publique.fr/discours/271678-sebastien-lecornu-29102019-musulman
317,271909,Interview,https://www.vie-publique.fr/discours/271909-marlene-schiappa-291019-violences-conjugales
318,271902,Interview,https://www.vie-publique.fr/discours/271902-agnes-buzyn-29102019-hopital-public
319,272895,Interview,https://www.vie-publique.fr/discours/272895-agnes-buzyn-25102019-situation-des-hopitaux-reforme-systeme-de-sante
320,272739,Interview,https://www.vie-publique.fr/discours/272739-jean-paul-delevoye-29102019-reforme-des-retraites-regimes-speciaux
321,272826,Interview,https://www.vie-publique.fr/discours/272826-gabriel-attal-28102019-laicite-service-national-universel
322,271597,Interview,https://www.vie-publique.fr/discours/271597-olivier-dussopt-28102019-politique-gouvernementale
323,271640,Interview,https://www.vie-publique.fr/discours/271640-bruno-le-maire-28102019-politique-gouvernementale
324,271644,Interview,https://www.vie-publique.fr/discours/271644-amelie-de-montchalin-28102019-politique-etrangere
325,272894,Interview,https://www.vie-publique.fr/discours/272894-sophie-cluzel-25102019-projet-daidants-familiaux-maladie-handicap
326,272567,Interview,https://www.vie-publique.fr/discours/272567-olivier-dussopt-24102019-reforme-de-la-fonction-publique
327,271539,Interview,https://www.vie-publique.fr/discours/271539-agnes-pannier-runacher-24102019-politique-economique
328,271506,Interview,https://www.vie-publique.fr/discours/271506-cedric-o-24102019-24102019-economie-numerique
329,271504,Interview,https://www.vie-publique.fr/discours/271504-amelie-de-montchalin-24102019-union-europeenne
330,271487,Interview,https://www.vie-publique.fr/discours/271487-gerald-darmanin-24102019-politique-economique
331,271864,Interview,https://www.vie-publique.fr/discours/271864-agnes-buzyn-23102019-hopital-public
332,272349,Interview,https://www.vie-publique.fr/discours/272349-emmanuelle-wargon-23102019-intemperies-aude-agri-bashing-lubrizol
333,271406,Interview,https://www.vie-publique.fr/discours/271406-nicole-belloubet-23102019-politique-judiciaire
334,272929,Interview,https://www.vie-publique.fr/discours/272929-agnes-buzyn-23102019-plfss-2020-plan-pour-hopital-public
335,273032,Interview,https://www.vie-publique.fr/discours/273032-sophie-cluzel-23102019-personnes-handicapes-agees-dependantes
336,271399,Interview,https://www.vie-publique.fr/discours/271399-didier-guillaume-22102019-politique-agricole
337,272962,Interview,https://www.vie-publique.fr/discours/272962-muriel-penicaud-22102019-reforme-assurance-chomage-apprentissage
338,272415,Interview,https://www.vie-publique.fr/discours/272415-elisabeth-borne-21102019-droit-de-retrait-sncf-mix-energetique-2035
339,272650,Interview,https://www.vie-publique.fr/discours/272650-franck-riester-21102019-projet-de-loi-sur-laudiovisuel-publicite
340,272073,Interview,https://www.vie-publique.fr/discours/272073-jean-baptiste-djebbari-21102019-accident-ter-ardennes-sncf-ratp
341,271389,Interview,https://www.vie-publique.fr/discours/271389-amelie-de-montchalin-21102019-brexit
342,273052,Interview,https://www.vie-publique.fr/discours/273052-gabriel-attal-21102019-laicite-snu-port-du-voile
343,271390,Interview,https://www.vie-publique.fr/discours/271390-agnes-pannier-runacher-21102019-politique-gouvernementale
344,272051,Interview,https://www.vie-publique.fr/discours/272051-jean-baptiste-djebbari-18102019-droit-retrait-accident-ter-retraites
345,273064,Interview,https://www.vie-publique.fr/discours/273064-jean-paul-delevoye-18102019-reforme-des-retraites-deploiement
346,272820,Interview,https://www.vie-publique.fr/discours/272820-marlene-schiappa-18102019-charte-de-laicite-port-du-voile
347,271354,Interview,https://www.vie-publique.fr/discours/271354-florence-parly-17102019-politique-de-la-defense
348,271353,Interview,https://www.vie-publique.fr/discours/271353-jean-baptiste-lemoyne-17102019-politique-etrangere
349,272924,Interview,https://www.vie-publique.fr/discours/272924-agnes-buzyn-17102019-reforme-retraites-urgences-medicales
350,271346,Interview,https://www.vie-publique.fr/discours/271346-jacqueline-gourault-17102019-pays-basque
351,272986,Interview,https://www.vie-publique.fr/discours/272986-jean-michel-blanquer-16102019-suidice-directrice-ecole-pantin-violence
352,271339,Interview,https://www.vie-publique.fr/discours/271339-amelie-de-montchalin-16102019-politique-gouvernementale
353,271332,Interview,https://www.vie-publique.fr/discours/271332-jean-yves-le-drian-16102019-france-syrie
354,271330,Interview,https://www.vie-publique.fr/discours/271330-sebastien-lecornu-16102019-relations-entre-letat-et-les-collectivites
355,271335,Interview,https://www.vie-publique.fr/discours/271335-bruno-le-maire-16102019-relations-economiques
356,271324,Interview,https://www.vie-publique.fr/discours/271324-nicole-belloubet-16102019-politique-gouvernementale
357,273049,Interview,https://www.vie-publique.fr/discours/273049-adrien-taquet-14102019-harcelement-violences-mineurs
358,272244,Interview,https://www.vie-publique.fr/discours/272244-marc-fesneau-14102019-incursion-turque-syrie-budget-2020-voile-islam
359,271164,Interview,https://www.vie-publique.fr/discours/271164-gerald-darmanin-14102019-laicite
360,271203,Interview,https://www.vie-publique.fr/discours/271203-bruno-le-maire-14102019-politique-economique
361,272049,Interview,https://www.vie-publique.fr/discours/272049-jean-baptiste-djebbari-11102019-radicalisations-greve-transports
362,271125,Interview,https://www.vie-publique.fr/discours/271125-jacqueline-gourault-11102019-relations-etat-collectivitites-locales
363,271126,Interview,https://www.vie-publique.fr/discours/271126-amelie-de-montchalin-11102019-union-europeenne
364,272985,Interview,https://www.vie-publique.fr/discours/272985-jean-michel-blanquer-10102019-suicide-directrice-ecole-pantin
365,271147,Interview,https://www.vie-publique.fr/discours/271147-jean-yves-le-drian-10102019-france-syrie
366,272348,Interview,https://www.vie-publique.fr/discours/272348-emmanuelle-wargon-10102019-lubrizol-renovation-thermique-climat
367,271100,Interview,https://www.vie-publique.fr/discours/271100-agnes-pannier-runacher-10102019-politique-industrielle
368,271088,Interview,https://www.vie-publique.fr/discours/271088-didier-guillaume-10102019-politique-gouvernementale
369,271087,Interview,https://www.vie-publique.fr/discours/271087-nicole-belloubet-10102019-terrorisme
370,272933,Interview,https://www.vie-publique.fr/discours/272933-christelle-dubos-09102019-pauvrete-revenu-universel-activite-rua
371,271885,Interview,https://www.vie-publique.fr/discours/271885-agnes-buzyn-09102019-incendie-lubriziol
372,272921,Interview,https://www.vie-publique.fr/discours/272921-agnes-buzyn-09102019-incendie-usine-lubrizol-rouen
